{"cameraMode":{"drawMode":0,"name":"Shaded","section":"Shading Mode"},"sceneLighting":true,"audioPlay":false,"sceneViewState":{"m_AlwaysRefresh":false,"showFog":true,"showSkybox":true,"showFlares":true,"showImageEffects":true,"showParticleSystems":true,"showVisualEffectGraphs":true,"m_FxEnabled":true},"in2DMode":false,"pivot":{"x":69.54373931884766,"y":-8.698267936706543,"z":256.9322814941406},"rotation":{"x":0.020223263651132585,"y":0.13010375201702119,"z":-0.002654770389199257,"w":0.9912990927696228},"size":148.159423828125,"orthographic":false}